date,signal_date,ticker,prob_up,signal,threshold
2026-09-21,2026-09-18,SPY,0.6055,LONG,0.52
2026-09-21,2026-09-18,AAPL,0.4869,CASH,0.52
2026-09-21,2026-09-18,MSFT,0.3411,CASH,0.52
2026-10-01,2026-09-30,SPY,0.5029,CASH,0.52
2026-10-01,2026-09-30,AAPL,0.6983,LONG,0.52
2026-10-01,2026-09-30,MSFT,0.5602,LONG,0.52
2026-10-02,2026-10-01,SPY,0.5102,CASH,0.52
2026-10-02,2026-10-01,AAPL,0.6167,LONG,0.52
2026-10-02,2026-10-01,MSFT,0.3662,CASH,0.52
2026-10-05,2026-10-02,SPY,0.5449,LONG,0.52
2026-10-05,2026-10-02,AAPL,0.5704,LONG,0.52
2026-10-05,2026-10-02,MSFT,0.6063,LONG,0.52
2026-10-06,2026-10-05,SPY,0.5798,LONG,0.52
2026-10-06,2026-10-05,AAPL,0.713,LONG,0.52
2026-10-06,2026-10-05,MSFT,0.2169,CASH,0.52
2026-10-07,2026-10-06,SPY,0.4567,CASH,0.52
2026-10-07,2026-10-06,AAPL,0.5082,CASH,0.52
2026-10-07,2026-10-06,MSFT,0.3945,CASH,0.52
2026-10-08,2026-10-07,SPY,0.5699,LONG,0.52
2026-10-08,2026-10-07,AAPL,0.5659,LONG,0.52
2026-10-08,2026-10-07,MSFT,0.239,CASH,0.52
2026-10-09,2026-10-08,SPY,0.4919,CASH,0.52
2026-10-09,2026-10-08,AAPL,0.691,LONG,0.52
2026-10-09,2026-10-08,MSFT,0.3967,CASH,0.52
